{"accuracy": [0.5697702765464783, 0.8478696942329407, 0.9070062041282654, 0.9363112449645996, 0.952372133731842, 0.9625862240791321, 0.9699978828430176, 0.9749910831451416, 0.9771960973739624, 0.980766773223877], "loss": [1.4679028987884521, 0.4803381562232971, 0.2861142158508301, 0.1946120411157608, 0.14445213973522186, 0.11250688135623932, 0.09119495004415512, 0.07536397129297256, 0.06999694555997849, 0.05934566631913185], "val_accuracy": [0.8214773535728455, 0.8829387426376343, 0.9199294447898865, 0.937571108341217, 0.9409856796264648, 0.9437173008918762, 0.9585135579109192, 0.9337013363838196, 0.9601069688796997, 0.9640336632728577], "val_loss": [0.5629030466079712, 0.3674701452255249, 0.2464519888162613, 0.1964137703180313, 0.18271753191947937, 0.18646417558193207, 0.12802854180335999, 0.24399007856845856, 0.1286839246749878, 0.11866932362318039]}